x1,x2,target,sachs_lb,sachs_ub,cpid_lb,cpid_ub,cpid_time_sec
1,0,P(Y_1=1) - P(Y_0=1),-0.55,0.747,-0.55,0.747,0.06609106063842773
2,0,P(Y_2=1) - P(Y_0=1),-0.4544,0.8505,-0.4544,0.8505,0.045126914978027344
2,1,P(Y_2=1) - P(Y_1=1),-0.5995,0.7986,-0.5995,0.7986,0.046035051345825195
