x1,x2,target,sachs_lb,sachs_ub,cpid_lb,cpid_ub,cpid_time_sec
1,0,P(Y_1=1) - P(Y_0=1),-1.0,0.040000000000000036,-0.9999999999999999,0.9999999999999999,0.07146692276000977
